,n_route,exp,sample_n,min_cost_p1a,min_cost_p1b,min_cost_p0,sol_time_p1a,sol_time_p1b,sol_time_p0
0,150.0,24.5,2.0,1550.0038154734293,1550.0038154734293,1634.2813962356379,52.76357227611542,13.527220062255859,0.11181689071655274
2,250.0,,,1490.346274,1490.346274,1580.477956,97.0,23.0,0.2
1,500.0,24.5,2.0,1453.9419315042205,1453.9419315042205,1519.5780060778875,177.127016248703,45.37182199478149,0.37236393451690675
